Sample_Name,Strain_Alias,Phylogenetic_Clade,ID,Lib_protocol,SRA
DL5,DL5,Mexican_Agave_2,DK001c27,PE,
1602a,1602a,Mexican_Agave_2,DK003c56,PE,
MGL11,MGL11,Mexican_Agave_2,DK016c5,PE,
MGL21,MGL21,Mexican_Agave_2,DK017c4,PE,
MGL27,MGL27,Mexican_Agave_2,DK018c4,PE,
M4T3,M4T3,Mexican_Agave_2,DK019c1,PE,
1103,1103,Tequila_Distillery,DS002c10,PE,
1178,1178,Mexican_Agave_2,DS002c4,PE,
1147,1147,Mexican_Agave_2,DS002c5,PE,
1168,1168,Mexican_Agave_2,DS002c6,PE,
YMX003697,YMX003697,Mexican_Agave_2,XA017c1,PE,
YMX003553,YMX003553,Mexican_Agave_2,XA023c1,PE,
YMX003625,YMX003625,Mexican_Agave_2,XA030c1,PE,
YMX003673,YMX003673,Mexican_Agave_2,XA031c2,PE,
YMX001298,YMX001298,Mexican_Agave_2,XA055c2,PE,
YMX001684,YMX001684,Mexican_Agave_2,XA057c4,PE,
YMX000673,YMX000673,Mexican_Agave_2,XA070c1,PE,
YMX001756,YMX001756,Mexican_Agave_2,XA072c4,PE,
YMX001922,YMX001922,Mexican_Agave_2,XA074c2,PE,
YMX001566,YMX001566,Mexican_Agave_2,XA081c6,PE,
YMX002185,YMX002185,Mexican_Agave_2,XA083c1,PE,
YMX002190,YMX002190,Mexican_Agave_2,XA083c6,PE,
YMX002116,YMX002116,Mexican_Agave_2,XA097c4,PE,
YMX002090,YMX002090,Mexican_Agave_2,XA098c2,PE,
YMX002521,YMX002521,Mexican_Agave_2,XA107c1,PE,
YMX002665,YMX002665,Mexican_Agave_2,XA108c1,PE,
YMX003402,YMX003402,Mexican_Agave_1,XA121c18,PE,
YMX003404,YMX003404,Mexican_Agave_1,XA121c20,PE,
YMX003390,YMX003390,Mexican_Agave_1,XA121c6,PE,
YMX003337,YMX003337,Wild_North_American,XA124c1,PE,
YMX001901,YMX001901,Wild_North_American,XA125c5,PE,
YMX001945,YMX001945,Wild_North_American,XA126c1,PE,
YMX001949,YMX001949,Wild_North_American,XA126c5,PE,
YMX001951,YMX001951,Mexican_Agave_1,XA126c7,PE,
YMX002458,YMX002458,Mexican_Agave_2,XA131c10,PE,
YMX002461,YMX002461,Mexican_Agave_2,XA131c13,PE,
YMX002466,YMX002466,Mexican_Agave_2,XA131c18,PE,
YMX002449,YMX002449,Mexican_Agave_2,XA131c1,PE,
YMX002468,YMX002468,Mexican_Agave_2,XA131c20,PE,
YMX002450,YMX002450,Mexican_Agave_2,XA131c2,PE,
YMX002452,YMX002452,Mexican_Agave_2,XA131c4,PE,
YMX002642,YMX002642,Mexican_Agave_2,XA132c2,PE,
YMX002573,YMX002573,Mexican_Agave_2,XA133c5,PE,
YMX002401,YMX002401,Mexican_Agave_2,XA134c1,PE,
YMX003889,YMX003889,Mexican_Agave_2,XA142c1,PE,
YMX002479,YMX002479,Mexican_Agave_2,XA143c7,PE,
YMX002547,YMX002547,Mexican_Agave_2,XA144c3,PE,
YMX002427,YMX002427,Mexican_Agave_2,XA145c3,PE,
YMX002353,YMX002353,Mexican_Agave_2,XA146c1,PE,
YMX002690,YMX002690,Mexican_Agave_2,XA147c2,PE,
YMX002934,YMX002934,Mexican_Agave_2,XA151c6,PE,
YMX003265,YMX003265,Mexican_Agave_2,XA153c1,PE,
YMX003529,YMX003529,Mexican_Agave_2,XA154c1,PE,
YMX003313,YMX003313,Mexican_Agave_2,XA156c1,PE,
YMX003051,YMX003051,Mexican_Agave_2,XA186c3,PE,
YMX003409,YMX003409,Mexican_Agave_2,XA187c1,PE,
YMX003433,YMX003433,Mexican_Agave_2,XA189c1,PE,
YMX002833,YMX002833,Mexican_Agave_2,XA190c1,PE,
YMX003938,YMX003938,Mexican_Agave_2,XA191c2,PE,
YMX002857,YMX002857,Mexican_Agave_2,XA196c1,PE,
YMX002809,YMX002809,Mexican_Agave_2,XA197c1,PE,
YMX003002,YMX003002,Mexican_Agave_2,XA200c2,PE,
YMX002905,YMX002905,Mexican_Agave_2,XA201c1,PE,
YMX004033,YMX004033,Mexican_Agave_2,XA211c1,PE,
YMX000818,YMX000818,Mexican_Agave_2,XA251c2,PE,
YMX001011,YMX001011,Mexican_Agave_2,XA252c3,PE,
YMX000743,YMX000743,Tequila_Distillery,XA254c23,PE,
YMX000841,YMX000841,Mexican_Agave_2,XA255c1,PE,
YMX001084,YMX001084,Mexican_Agave_2,XA258c4,PE,
YMX000935,YMX000935,Tequila_Distillery,XA261c23,PE,
YMX000988,YMX000988,Tequila_Distillery,XB001c4,PE,
YMX001514,YMX001514,Mexican_Agave_2,XB006c2,PE,
YMX002041,YMX002041,Mexican_Agave_2,XB011c1,PE,
YMX000865,YMX000865,Mexican_Agave_2,XB041c1,PE,
YMX001132,YMX001132,Mexican_Agave_2,XB044c4,PE,
YMX000892,YMX000892,Mexican_Agave_2,XB045c4,PE,
YMX000626,YMX000626,Mexican_Agave_2,XB047c2,PE,
YMX001273,YMX001273,Mexican_Agave_2,XB048c1,PE,
YMX001849,YMX001849,Mexican_Agave_2,XB050c1,PE,
YMX002020,YMX002020,Mexican_Agave_2,XB051c4,PE,
YMX001393,YMX001393,Mexican_Agave_2,XB052c1,PE,
YMX001345,YMX001345,Mexican_Agave_2,XB053c1,PE,
YMX001733,YMX001733,Mexican_Agave_2,XB054c5,PE,
YMX001225,YMX001225,Mexican_Agave_2,XB056c1,PE,
YMX001658,YMX001658,Mexican_Agave_2,XB064c2,PE,
YMX001609,YMX001609,Mexican_Agave_2,XB065c1,PE,
YMX000649,YMX000649,Mexican_Agave_2,XB069c1,PE,
YMX003824,YMX003824,Mexican_Agave_2,XB073c8,PE,
YMX002071,YMX002071,Wine/European,XB075c7,PE,
YMX001969,YMX001969,Mexican_Agave_2,XB076c1,PE,
YMX001826,YMX001826,Mexican_Agave_2,XB094c2,PE,
YMX001153,YMX001153,Mexican_Agave_2,XB251c1,PE,
YMX000937,YMX000937,Mexican_Agave_2,XB252c1,PE,
YMX000721,YMX000721,Mexican_Agave_2,XB254c1,PE,
YMX000963,YMX000963,Mexican_Agave_2,XB256c3,PE,
YMX001036,YMX001036,Mexican_Agave_2,XB258c4,PE,
DD2a,DD2a,Mexican_Agave_2,DK001c10,PE,
YMX003194,YMX003194,Mexican_Agave_2,XA024c2,PE,
YMX002497,YMX002497,Mexican_Agave_2,XA137c1,PE,
YMX002713,YMX002713,Mexican_Agave_2,XA139c1,PE,
YMX002378,YMX002378,Mexican_Agave_2,XA140c2,PE,
YMX004057,YMX004057,Mexican_Agave_2,XA195c1,PE,
YMX004549,YMX004549,Mexican_Agave_2,YMX004549,PE,
YMX004563,YMX004563,Mexican_Agave_2,YMX004563,PE,
YMX004564,YMX004564,Mexican_Agave_2,YMX004564,PE,
YMX004566,YMX004566,Mexican_Agave_2,YMX004566,PE,
YMX004569,YMX004569,Mexican_Agave_2,YMX004569,PE,
YMX004594,YMX004594,Mexican_Agave_2,YMX004594,PE,
YMX004642,YMX004642,Mexican_Agave_2,YMX004642,PE,
YMX004648,YMX004648,Mexican_Agave_2,YMX004648,PE,
YMX004659,YMX004659,Mexican_Agave_2,YMX004659,PE,
YMX004668,YMX004668,Mexican_Agave_2,YMX004668,PE,
YMX004678,YMX004678,Mexican_Agave_2,YMX004678,PE,
YMX004685,YMX004685,Mexican_Agave_2,YMX004685,PE,
YMX004688,YMX004688,Mexican_Agave_2,YMX004688,PE,
MJ5,MJ5,Mexican_Agave_2,YMX004695,PE,
YMX005538,YMX005538,Mexican_Agave_2,YMX005538,PE,
YMX005539,YMX005539,Mexican_Agave_2,YMX005539,PE,
YMX005541,YMX005541,Mexican_Agave_2,YMX005541,PE,
YMX005542,YMX005542,Mexican_Agave_2,YMX005542,PE,
YMX005543,YMX005543,Mexican_Agave_2,YMX005543,PE,
YMX005545,YMX005545,Mexican_Agave_2,YMX005545,PE,
YMX005546,YMX005546,Mexican_Agave_2,YMX005546,PE,
YMX005547,YMX005547,Mexican_Agave_2,YMX005547,PE,
YMX005548,YMX005548,Mexican_Agave_2,YMX005548,PE,
YMX005549,YMX005549,Mexican_Agave_2,YMX005549,PE,
YMX005550,YMX005550,Mexican_Agave_2,YMX005550,PE,
YMX005551,YMX005551,Mexican_Agave_2,YMX005551,PE,
YMX005552,YMX005552,Mexican_Agave_2,YMX005552,PE,
YMX005553,YMX005553,Mexican_Agave_2,YMX005553,PE,
YMX005554,YMX005554,Mexican_Agave_2,YMX005554,PE,
YMX005555,YMX005555,Mexican_Agave_2,YMX005555,PE,
YMX005556,YMX005556,Mexican_Agave_2,YMX005556,PE,
YMX005557,YMX005557,Mexican_Agave_2,YMX005557,PE,
YMX005558,YMX005558,Mexican_Agave_2,YMX005558,PE,
YMX005559,YMX005559,Mexican_Agave_2,YMX005559,PE,
YMX005561,YMX005561,Mexican_Agave_2,YMX005561,PE,
YMX005563,YMX005563,Mexican_Agave_2,YMX005563,PE,
YMX005564,YMX005564,Mexican_Agave_2,YMX005564,PE,
YMX005565,YMX005565,Mexican_Agave_1,YMX005565,PE,
YMX005566,YMX005566,Mexican_Agave_1,YMX005566,PE,
YMX005569,YMX005569,Mexican_Agave_2,YMX005569,PE,
YMX005570,YMX005570,Mexican_Agave_2,YMX005570,PE,
YMX005571,YMX005571,Mexican_Agave_2,YMX005571,PE,
YMX005572,YMX005572,Mexican_Agave_2,YMX005572,PE,
YMX005573,YMX005573,Mexican_Agave_2,YMX005573,PE,
YMX005574,YMX005574,Mexican_Agave_2,YMX005574,PE,
YMX005575,YMX005575,Mexican_Agave_2,YMX005575,PE,
YMX005576,YMX005576,Mexican_Agave_2,YMX005576,PE,
YMX005577,YMX005577,Mexican_Agave_2,YMX005577,PE,
YMX005583,YMX005583,Mexican_Agave_2,YMX005583,PE,
YMX005584,YMX005584,Mexican_Agave_2,YMX005584,PE,
YMX005585,YMX005585,Mexican_Agave_2,YMX005585,PE,
YMX005586,YMX005586,Mexican_Agave_2,YMX005586,PE,
YMX005587,YMX005587,Mexican_Agave_1,YMX005587,PE,
YMX005588,YMX005588,Mexican_Agave_1,YMX005588,PE,
YMX005590,YMX005590,Mexican_Agave_2,YMX005590,PE,
YMX005591,YMX005591,Mexican_Agave_2,YMX005591,PE,
YMX005592,YMX005592,Mexican_Agave_2,YMX005592,PE,
YMX005593,YMX005593,Mexican_Agave_2,YMX005593,PE,
YMX005594,YMX005594,Mexican_Agave_2,YMX005594,PE,
YMX005595,YMX005595,Mexican_Agave_2,YMX005595,PE,
YMX005596,YMX005596,Mexican_Agave_2,YMX005596,PE,
YMX005597,YMX005597,Mexican_Agave_2,YMX005597,PE,
YMX005599,YMX005599,Mexican_Agave_2,YMX005599,PE,
YMX005600,YMX005600,Mexican_Agave_2,YMX005600,PE,
YMX005601,YMX005601,Mexican_Agave_2,YMX005601,PE,
YMX005602,YMX005602,Mexican_Agave_2,YMX005602,PE,
YMX005603,YMX005603,Mexican_Agave_2,YMX005603,PE,
YMX005604,YMX005604,Mexican_Agave_2,YMX005604,PE,
YMX005608,YMX005608,Mexican_Agave_2,YMX005608,PE,
YMX005609,YMX005609,Mexican_Agave_2,YMX005609,PE,
YMX005610,YMX005610,Mexican_Agave_2,YMX005610,PE,
YMX005611,YMX005611,Mexican_Agave_2,YMX005611,PE,
YMX005612,YMX005612,Mexican_Agave_2,YMX005612,PE,
YMX005616,YMX005616,Mexican_Agave_2,YMX005616,PE,
YMX005617,YMX005617,Mexican_Agave_2,YMX005617,PE,
YMX005618,YMX005618,Mexican_Agave_2,YMX005618,PE,
YMX005619,YMX005619,Mexican_Agave_2,YMX005619,PE,
YMX005620,YMX005620,Mexican_Agave_2,YMX005620,PE,
YMX005621,YMX005621,Mexican_Agave_2,YMX005621,PE,
YMX005622,YMX005622,Mexican_Agave_2,YMX005622,PE,
YMX005625,YMX005625,Mexican_Agave_2,YMX005625,PE,
YMX005626,YMX005626,Mexican_Agave_2,YMX005626,PE,
YMX005627,YMX005627,Mexican_Agave_2,YMX005627,PE,
YMX005628,YMX005628,Mexican_Agave_2,YMX005628,PE,
YMX005629,YMX005629,Mexican_Agave_2,YMX005629,PE,
YMX005630,YMX005630,Mexican_Agave_2,YMX005630,PE,
YMX005632,YMX005632,Mexican_Agave_2,YMX005632,PE,
YMX005633,YMX005633,Mexican_Agave_2,YMX005633,PE,
L022,L022,Mixed Origin,YMX005635,PE,
L023,L023,Mixed Origin,YMX005636,PE,
MOC1M,MOC1M,Wild_North_American,YMX005637,PE,
LO24,LO24,Mixed Origin,YMX005638,PE,
TM15,TM15,Tequila_Distillery,YMX005639,PE,
L021,L021,Mixed Origin,YMX005641,PE,
TM10,TM10,Tequila_Distillery,YMX005642,PE,
M1L1,M1L1,Tequila_Distillery,YMX005645,PE,
IL4,IL4,Tequila_Distillery,YMX005646,PE,
YMX005648,YMX005648,Mixed Origin,YMX005648,PE,
YMX009814,YMX009814,Mexican_Agave_2,YMX506H07,PE,
YMX009815,YMX009815,Mexican_Agave_2,YMX506H08,PE,
YMX009816,YMX009816,Mexican_Agave_2,YMX506H09,PE,
YMX009821,YMX009821,Mexican_Agave_2,YMX507A02,PE,
YMX009823,YMX009823,Mexican_Agave_1,YMX507A04,PE,
YMX009824,YMX009824,Mexican_Agave_1,YMX507A05,PE,
YMX009825,YMX009825,Mexican_Agave_1,YMX507A06,PE,
YMX009826,YMX009826,Mexican_Agave_1,YMX507A07,PE,
94-238.1,94-238.1,Tequila_Distillery,YMX507B01,PE,
94-206.3,94-206.3,Tequila_Distillery,YMX507B02,PE,
94-208.3,94-208.3,Tequila_Distillery,YMX507B03,PE,
94-201.1,94-201.1,Tequila_Distillery,YMX507B04,PE,
92-230.2,92-230.2,Tequila_Distillery,YMX507B05,PE,
92-218.2,92-218.2,Tequila_Distillery,YMX507B06,PE,
92-221.4,92-221.4,Tequila_Distillery,YMX507B07,PE,
YMX009795,YMX009795,Mexican_Agave_1,YMX506F12,PE,
CPA,906,Mexican_Agave_2,JS109c1,PE,
BBM,908,Mexican_Agave_2,JS497c1,PE,
CPM,LCBG-3D2,Mexican_Agave_1,JS863c1,PE,
CPQ,LCBG-3D4,Mexican_Agave_1,JS462c1,PE,
CPI,LCBG-3D6,Mexican_Agave_1,JS421c1,PE,
CPN,LCBG-3Y3,Mexican_Agave_1,JS273c1,PE,
CPR,LCBG-3Y8,Mexican_Agave_1,JS240c1,PE,
CPL,LCBG-4Y3,Mexican_Agave_1,JS880c1,PE,
CPK,LCBG-Mosca3,Mexican_Agave_1,JS806c1,PE,
BDQ,CEY616,French Guiana,JS326c1,PE,
BDR,CEY617,French Guiana,JS210c1,PE,
BDS,CEY618,French Guiana,JS818c1,PE,
BDT,CEY619,French Guiana,JS835c1,PE,
BDV,CEY620,French Guiana,JS171c1,PE,
BEA,CEY621,French Guiana,JS208c1,PE,
BEB,CEY622,French Guiana,JS014c1,PE,
BEC,CEY623,French Guiana,JS889c1,PE,
BED,CEY624,French Guiana,JS654c1,PE,
BEE,CEY625,French Guiana,JS150c1,PE,
BMR,CEY646,French Guiana,JS933c1,PE,
CQS,CEY647,SAM2,JS440c1,PE,
BMV,CEY649,French Guiana,JS387c1,PE,
BNA,CEY650,French Guiana,JS922c1,PE,
BNB,CEY651,French Guiana,JS114c1,PE,
BNC,CEY652,French Guiana,JS277c1,PE,
BND,CEY653,French Guiana,JS861c1,PE,
BCB,HE001,French Guiana,JS691c1,PE,
BCC,HE004,French Guiana,JS468c1,PE,
BCD,HE005,French Guiana,JS263c1,PE,
BCE,HE006,French Guiana,JS599c1,PE,
BCF,HE007,French Guiana,JS527c1,PE,
BCH,HE009,French Guiana,JS310c1,PE,
BCI,HE010,French Guiana,JS311c1,PE,
BCK,HE011,French Guiana,JS759c1,PE,
BCL,HE012,French Guiana,JS165c1,PE,
BCM,HE013,French Guiana,JS728c1,PE,
BCN,HE015,French Guiana,JS246c1,PE,
BCP,HE016,French Guiana,JS270c1,PE,
BCQ,HE020,French Guiana,JS754c1,PE,
CCC,CLQCA_20-156,SAM1,ERR1309090,PE,
CCD,CLQCA_20-184,SAM1,ERR1308655,PE,
CCE,CLQCA_20-221,SAM1,JS646c1,PE,
CCF,CLQCA_20-246,SAM1,ERR1308971,PE,
CCI,CLQCA_20-248,SAM1,ERR1309222,PE,
CCG,CLQCA_20-259,SAM1,ERR1309013,PE,
CCH,CLQCA_20-314,SAM1,ERR1308722,PE,
UFMG-CM-Y257,UFMG-CM-Y257,SAM1,BR020c1,PE,
UFMG-CM-Y262,UFMG-CM-Y262,SAM1,BR002c1,PE,
UFMG-CM-Y264,UFMG-CM-Y264,SAM1,BR003c1,PE,
UFMG-CM-Y266,UFMG-CM-Y266,SAM1,BR022c1,PE,
UFMG-CM-Y455,UFMG-CM-Y455,SAM1,BR004c1,PE,
UFMG-CM-Y457,UFMG-CM-Y457,SAM1,BR024c1,PE,
UFMG-CM-Y461,UFMG-CM-Y461,SAM1,BR005c1,PE,
UFMG-CM-Y462,UFMG-CM-Y462,SAM1,BR006c1,PE,
UFMG-CM-Y463,UFMG-CM-Y463,SAM1,BR025c1,PE,
UFMG-CM-Y464,UFMG-CM-Y464,SAM1,BR007c1,PE,
UFMG-CM-Y643,UFMG-CM-Y643,SAM1,BR027c1,PE,
UFMG-CM-Y644,UFMG-CM-Y644,SAM1,BR028c1,PE,
UFMG-CM-Y645,UFMG-CM-Y645,SAM1,BR012c1,PE,
UFMG-CM-Y646,UFMG-CM-Y646,SAM1,BR013c1,PE,
UFMG-CM-Y647,UFMG-CM-Y647,SAM1,BR014c1,PE,
UFMG-CM-Y648,UFMG-CM-Y648,SAM1,ERR2299987,PE,
UFMG-CM-Y649,UFMG-CM-Y649,SAM1,BR015c1,PE,
UFMG-CM-Y650,UFMG-CM-Y650,SAM1,BR016c1,PE,
WL004,WL004,SAM1,SRR5678625,PE,
ACC,YPS1000_1b,SAM1,ERR1308993,PE,
CMP,YPS615,SAM1,ERR1309443,PE,
CMQ,YPS617,SAM1,ERR1308776,PE,
ALI,CLQCA_20-060,SAM2,ERR1309514,PE,
ADE,PW5_b,SAM2,ERR1309020,PE,
UFMG-CM-Y263,UFMG-CM-Y263,SAM2,BR021c1,PE,
UFMG-CM-Y456,UFMG-CM-Y456,SAM1,BR023c1,PE,
UFMG-CM-Y641,UFMG-CM-Y641,SAM2,BR010c1,PE,
UFMG-CM-Y642,UFMG-CM-Y642,SAM2,BR011c1,PE,
SACE_YCL,YJM1399,SAM2,SRR800827,PE,
AHB,CBS4734,SAM3,ERR1309288,PE,
L328,L328,SAM3,ERR756202,PE,
SP004,SP004,SAM3,SRR5678661,PE,
SP006,SP006,SAM3,SRR5678667,PE,
UFMG-CM-Y251,UFMG-CM-Y251,SAM3,ERR2299969,PE,
UFMG-CM-Y260,UFMG-CM-Y260,SAM3,BR001c1,PE,
UFMG-CM-Y627,UFMG-CM-Y627,SAM3,ERR2299976,PE,
UFMG-CM-Y629,UFMG-CM-Y629,SAM3,ERR2299978,PE,
UFMG-CM-Y630,UFMG-CM-Y630,SAM3,ERR2299979,PE,
UFMG-CM-Y631,UFMG-CM-Y631,SAM3,ERR2299980,PE,
UFMG-CM-Y632,UFMG-CM-Y632,SAM3,ERR2299981,PE,
UFMG-CM-Y633,UFMG-CM-Y633,SAM3,ERR2299982,PE,
UFMG-CM-Y634,UFMG-CM-Y634,SAM3,ERR2299983,PE,
UFMG-CM-Y635,UFMG-CM-Y635,SAM3,ERR2299984,PE,
UFMG-CM-Y636,UFMG-CM-Y636,SAM3,BR026c1,PE,
SACE_YBQ,YJM1250,SAM3,SRR800806,PE,
BTC,79,Mixed Origin,ERR1308822,PE,
CPC,997,M3. Mosaic region 3,JS423c1,PE,
BBQ,2162,Mediterranean oak,JS678c1,PE,
BBR,2163,Wild_North_American,JS089c1,PE,
BBS,2187,Mediterranean oak,JS474c1,PE,
ALP,21-4-105,Mixed Origin,JS682c1,PE,
ALT,21-4-122,Wine/European,JS649c1,PE,
CHI,646-3B,Mixed Origin,ERR1309321,PE,
ANM,A-18,African beer,JS382c1,PE,
CEN,ATCC_38618:2-2,M3. Mosaic region 3,JS194c1,PE,
CAS,B-17,Wine/European,JS348c1,PE,
BAK,BJ20,Far East Asia,JS375c1,PE,
AEB,CBS1171,Ale beer,JS722c1,PE,
AQR,CBS1190,Wine/European,JS345c1,PE,
AQS,CBS1196,Asian fermentation,JS389c1,PE,
AAL,CBS1236-a,Mixed Origin,JS719c1,PE,
ARA,CBS1239,M3. Mosaic region 3,JS502c1,PE,
AFF,CBS1252,Mixed Origin,JS553c1,PE,
AGE,CBS1385,Mixed Origin,ERR1309444,PE,
AAH,CBS1388a,Other,JS510c1,PE,
AEI,CBS1428,M3. Mosaic region 3,JS402c1,PE,
AHF,CBS1540,M1. Mosaic region 1,JS783c1,PE,
ARG,CBS1576,Asian islands,ERR1308649,PE,
AHG,CBS1586,Wine/European,JS204c1,PE,
ARK,CBS1602,Wine/European,JS033c1,PE,
AAC,CBS2165a,Ale beer,JS460c1,PE,
ARM,CBS2188,Sake,JS356c1,PE,
AHK,CBS2247,Wine/European,JS161c1,PE,
AID,CBS2909,Alpechin,JS937c1,PE,
AIE,CBS2910,Alpechin,JS191c1,PE,
AHH,CBS3000,Asian islands,JS346c1,PE,
AHL,CBS3081,Alpechin,JS925c1,PE,
AHM,CBS3093,Alpechin,JS157c1,PE,
ABM,CBS3093_1b,Alpechin,JS915c1,PE,
APR,CBS403,African palm wine,JS293c1,PE,
AGL,CBS4458,Wine/European,JS825c1,PE,
ASD,CBS4507,Wine/European,JS288c1,PE,
AQA,CBS4903,Alpechin,JS025c1,PE,
AQB,CBS5112,Wine/European,JS410c1,PE,
AQC,CBS5155,Wine/European,JS319c1,PE,
AQD,CBS5378,Alpechin,JS499c1,PE,
AGB,CBS6308,Ale beer,JS065c1,PE,
AHA,CBS6333,M3. Mosaic region 3,JS903c1,PE,
AHI,CBS6914,Wine/European,JS378c1,PE,
AQG,CBS7539,Mosaic beer,JS032c1,PE,
AFQ,CBS7993,Mosaic region 2,JS070c1,PE,
AQI,CBS8292,Mixed Origin,JS740c1,PE,
BBG,CCY_21-4-106,Ale beer,JS862c1,PE,
CDT,CECT10171-5B,Alpechin,JS211c1,PE,
AVB,CECT10266,Alpechin,JS104c1,PE,
CDR,CECT10331:9-1,Mixed Origin,JS585c1,PE,
ATQ,CECT10497,Alpechin,JS906c1,PE,
ATV,CECT1462,Ale beer,JS735c1,PE,
AVP,CH06,African beer,JS657c1,PE,
BHK,CLIB1077,M1. Mosaic region 1,JS368c1,PE,
BHL,CLIB1082,M1. Mosaic region 1,JS166c1,PE,
BHR,CLIB1413,Asian fermentation,JS294c1,PE,
AAM,CLIB192_1b,Mixed Origin,JS160c1,PE,
AAN,CLIB274_1,Mixed Origin,ERR1308608,PE,
ADM,CLIB324_2,Mixed Origin,ERR1309212,PE,
ASL,CLIB340,Mixed Origin,ERR1309203,PE,
AAR,CLIB382_1b,Mosaic beer,JS080c1,PE,
BGQ,CLIB563,French dairy,JS419c1,PE,
AKT,CLQCA_10-003,Mixed Origin,ERR1308849,PE,
BDL,CLQCA_10-386,Mixed Origin,ERR1309445,PE,
CAI,D-4,Wine/European,JS827c1,PE,
BNG,DBVPG1085,Wine/European,JS688c1,PE,
BKP,DBVPG1581,Wine/European,JS445c1,PE,
BLK,DBVPG1631,Wine/European,JS022c1,PE,
BLN,DBVPG1659,Wine/European,JS898c1,PE,
BNV,DBVPG1790,Wine/European,JS741c1,PE,
BPN,DBVPG1895,Wine/European,JS671c1,PE,
BPQ,DBVPG1918,Wine/European,JS760c1,PE,
BPR,DBVPG1919,Wine/European,JS308c1,PE,
BQS,DBVPG4410,Wine/European,JS002c1,PE,
BRK,DBVPG6302,Alpechin,JS274c1,PE,
BRM,DBVPG6590,Mosaic beer,JS939c1,PE,
BAA,DJ66,African palm wine,JS804c1,PE,
AIM,E4,Wine/European,JS772c1,PE,
CEG,EM14S01-3B,Taiwanese,JS611c1,PE,
AMF,ES2M03,CHN-VI,JS757c1,PE,
CEH,ES2M03-7A,CHN-VI,JS127c1,PE,
BFN,EXF-7145,French dairy,JS594c1,PE,
BFP,EXF-7197,Mediterranean oak,JS910c1,PE,
CRD,FIMA_3,Wine/European,JS733c1,PE,
CPT,FTPW3,African palm wine,JS624c1,PE,
CQA,FTPW32,African palm wine,JS677c1,PE,
CQB,FTPW35,African palm wine,JS385c1,PE,
BAM,HN10,CHNIII,JS086c1,PE,
BAN,HN15,CHN V,JS771c1,PE,
BAL,HN6,CHNI,JS418c1,PE,
AMC,IY_03-5-26-5-1-1_(1),Wild_North_American,ERR1308975,PE,
ADN,K1_1,Sake,JS581c1,PE,
CCQ,Ksc2-2B,Far East Asia,JS252c1,PE,
BTP,L-1198,Wine/European,JS928c1,PE,
BSR,L-958,Wine/European,JS094c1,PE,
BSS,L-960,Wine/European,JS229c1,PE,
BDN,MAJ_G,African beer,JS119c1,PE,
AIN,MC5,Wine/European,JS574c1,PE,
AIP,MC6,Wine/European,JS254c1,PE,
CQL,MTF2554,West African cocoa,JS471c1,PE,
CDI,N163.01-5A,Far East Russian,ERR1309078,PE,
CCL,N19-1C,Mediterranean oak,JS670c1,PE,
CDG,N3.00-7A,Far East Russian,JS417c1,PE,
CDD,N38-4A,M3. Mosaic region 3,JS372c1,PE,
CDL,N51-1A,Far East Asia,JS454c1,PE,
CDP,N95-5-1A,Wild_North_American,ERR1309100,PE,
CDQ,N95-6-1C,Wild_North_American,ERR1308783,PE,
ADG,NC_02_b,Wild_North_American,ERR1308685,PE,
AKE,NPA03.1,African palm wine,JS329c1,PE,
APE,RIB1003,Sake,JS562c1,PE,
CML,RIB6006,Sake,JS262c1,PE,
BVB,RP.10.13,Brazilian bioethanol,JS525c1,PE,
CNS,RP11.4.1,Brazilian bioethanol,JS885c1,PE,
CNT,RP11.4.11,Brazilian bioethanol,JS846c1,PE,
CNV,RP11.4.14,Brazilian bioethanol,JS579c1,PE,
CCV,S8BM-30-2D,Asian islands,ERR1309363,PE,
CNK,SA.1.5.,Brazilian bioethanol,JS163c1,PE,
CHM,SBD,Asian fermentation,JS008c1,PE,
CHL,SBE-1C,Mixed Origin,ERR1309074,PE,
CBF,SD-15,Mixed Origin,ERR1309133,PE,
BSN,SG60,Wine/European,JS660c1,PE,
AML,SJ5L11,Mixed Origin,JS038c1,PE,
AMN,SJ5L13,Mixed Origin,JS807c1,PE,
AMS,SJ5L17,Wine/European,JS403c1,PE,
CNG,SM.8.7.BR1,Brazilian bioethanol,JS281c1,PE,
BAH,SX3,CHNII,JS542c1,PE,
CGG,TayTa,Asian fermentation,JS748c1,PE,
ACB,TL229S2.2,M3. Mosaic region 3,JS247c1,PE,
CGB,UCD_05-780,PWCW,JS612c1,PE,
CGC,UCD_06-645,Ale beer,JS756c1,PE,
CGD,UCD_09-448,Alpechin,JS737c1,PE,
CGE,UCD_11-601,Alpechin,JS321c1,PE,
CFT,UCD_40-346,Mosaic region 2,JS773c1,PE,
CDN,UCD_61-190-6A,CHNII,ERR1308637,PE,
UFMG-CM-Y639,UFMG-CM-Y639,M3. Mosaic region 3,BR008c1,PE,
UFMG-CM-Y640,UFMG-CM-Y640,Wild_North_American,BR009c1,PE,
CDM,UFRJ_50613-2D(a),Mosaic region 2,ERR1308794,PE,
BMB,UWOPS03-433.3,Malaysian,JS098c1,PE,
CGH,VNL3,Other,JS561c1,PE,
ACI,Y10_1b,M3. Mosaic region 3,JS576c1,PE,
ACL,Y3_1b,M3. Mosaic region 3,JS881c1,PE,
ADA,Y55_1b,M3. Mosaic region 3,JS849c1,PE,
SACE_YCU,YJM1434,Wild_North_American,SRR800836,PE,
SACE_YCW,YJM1443,Wild_North_American,SRR800838,PE,
SACE_YCZ,YJM1450,Mosaic region 2,SRR800841,PE,
ACN,YJM269_1b,M3. Mosaic region 3,JS312c1,PE,
BMK,YJM990,Wine/European,JS817c1,PE,
AKN,YPS128,Wild_North_American,ERR1308708,PE,
ANC,YPS129,Wild_North_American,ERR1309458,PE,
AND,YPS133,Wild_North_American,JS781c1,PE,
ACD,YPS163_1b,Wild_North_American,ERR1308915,PE,
CMS,YPS670,Wild_North_American,ERR1308999,PE,
APK,YS10(E),Mixed Origin,ERR1308678,PE,
APM,YS15,Mixed Origin,ERR1309296,PE,
APN,YS19,Mixed Origin,ERR1309119,PE,
BTF,YS22(E),Mixed Origin,ERR1309378,PE,
BTG,ZP_567,Mediterranean oak,JS774c1,PE,
BTI,ZP_611,PWCW,JS235c1,PE,
A8,A8,Alpechin,ERR3010122,PE,
AP 16.1,AP_16_1,Alpechin,ERR3010128,PE,
AP 17.1,AP_17_1,Alpechin,ERR3010129,PE,
AP 5.4,AP_5_4,Alpechin,ERR3010125,PE,
AP 6.2,AP_6_2,Alpechin,ERR3010126,PE,
AP 7.2,AP_7_2,Alpechin,ERR3010127,PE,
MM 11,MM_11,Alpechin,ERR3010131,PE,
NRRL-Y 12658,NRRL_Y_12658,Alpechin,ERR3010132,PE,
PYCC 2613,PYCC_2613,Alpechin,ERR3010133,PE,
PYCC 2708,PYCC_2708,Alpechin,ERR3010134,PE,
PYCC 4891,PYCC_4891,Alpechin,ERR3010135,PE,
PYCC 4935,PYCC_4935,Alpechin,ERR3010136,PE,
PYCC 6730,PYCC_6730,Alpechin,ERR3010137,PE,
PYCC 6731,PYCC_6731,Alpechin,ERR3010138,PE,
PYCC 6732,PYCC_6732,Alpechin,ERR3010139,PE,
PYCC 6733,PYCC_6733,Alpechin,ERR3010140,PE,
S27,S27,Alpechin,ERR3010143,PE,
YO 652,YO_652,Alpechin,ERR3010146,PE,
YO 653,YO_653,Alpechin,ERR3010147,PE,
YO 654,YO_654,Alpechin,ERR3010148,PE,
ZIM 2221,ZIM_2221,Alpechin,ERR3010149,PE,
